date,rnum,rank,rankInten,rankOldAndNew,movieCd,rnum,movieNm,openDt,salesAmt,salesShare,salesInten,salesChange,salesAcc,audiCnt,audiInten,audiChange,audiAcc,scrnCnt,showCnt
20170601,1,1,0,OLD,20168261,1,원더 우먼,2017-05-31,918976500,33.5,-395234700,-30.1,2265289700,116912,-90032,-43.5,327172,913,4164
20170601,2,2,0,OLD,20169348,2,대립군,2017-05-31,532286700,19.4,-268622700,-33.5,1427630700,73171,-63069,-46.3,220155,776,3447
20170601,3,3,0,OLD,20170982,3,캐리비안의 해적: 죽은 자는 말이 없다,2017-05-24,507501000,18.5,-245711300,-32.6,15827160120,67078,-55331,-45.2,1932196,710,3040
20170601,4,4,0,OLD,20174602,4,노무현입니다,2017-05-25,365275400,13.3,-99702200,-21.4,6817519112,50155,-28425,-36.2,873954,593,2205
20170601,5,5,0,OLD,20175262,5,겟 아웃,2017-05-17,201343500,7.4,-30562800,-13.2,15195584675,26331,-12771,-32.7,1864924,434,1290
20170601,6,6,1,OLD,20174803,6,7번째 내가 죽던 날,2017-05-31,30172500,1.1,114500,0.4,69033500,4125,-687,-14.3,10076,230,421
20170601,7,7,-1,OLD,20164844,7,불한당: 나쁜 놈들의 세상,2017-05-17,27554800,1.0,-8653000,-23.9,7220328125,3779,-2120,-35.9,894556,179,268
20170601,8,8,0,NEW,20162629,8,하이큐!! 끝과 시작,2016-11-16,22345000,0.8,22345000,100,567191000,3091,3091,100,78795,73,134
20170601,9,9,-1,OLD,20173642,9,너와 100번째 사랑,2017-05-25,21572500,0.8,2222500,11.5,337172300,2879,-459,-13.8,43239,108,181
20170601,10,10,0,NEW,20176141,10,베이블레이드 버스트 갓 : 갓 발키리의 탄생,2017-06-01,16030100,0.6,16030100,100,20188100,2314,2314,100,2776,107,143
20170602,1,1,0,OLD,20168261,1,원더 우먼,2017-05-31,1338334495,35.6,419357995,45.6,3603624195,154172,37260,31.9,481344,958,4352
20170602,2,2,1,OLD,20170982,2,캐리비안의 해적: 죽은 자는 말이 없다,2017-05-24,753973405,20.1,246472405,48.6,16581133525,89719,22641,33.8,2021915,722,3106
20170602,3,3,-1,OLD,20169348,3,대립군,2017-05-31,693724105,18.5,161437405,30.3,2121354805,85851,12680,17.3,306006,786,3419
20170602,4,4,0,OLD,20174602,4,노무현입니다,2017-05-25,486686800,13.0,121411400,33.2,7304205912,59584,9429,18.8,933538,598,2293
20170602,5,5,0,OLD,20175262,5,겟 아웃,2017-05-17,269545800,7.2,68202300,33.9,15465130475,31940,5609,21.3,1896864,457,1291
20170602,6,6,0,OLD,20174803,6,7번째 내가 죽던 날,2017-05-31,38301900,1.0,8129400,26.9,107335400,4721,596,14.4,14797,226,418
20170602,7,7,0,OLD,20164844,7,불한당: 나쁜 놈들의 세상,2017-05-17,32924600,0.9,5369800,19.5,7253252725,3923,144,3.8,898479,168,264
20170602,8,8,1,OLD,20173642,8,너와 100번째 사랑,2017-05-25,24753500,0.7,3181000,14.7,361925800,2957,78,2.7,46196,114,189
20170602,9,9,1,OLD,20176141,9,베이블레이드 버스트 갓 : 갓 발키리의 탄생,2017-06-01,12717900,0.3,-3312200,-20.7,32906000,1600,-714,-30.9,4376,104,132
20170602,10,10,1,OLD,20174061,10,보스 베이비,2017-05-03,10251000,0.3,1122000,12.3,18210589004,1493,74,5.2,2353948,81,99
20170603,1,1,0,OLD,20168261,1,원더 우먼,2017-05-31,3095098603,37.0,1756764108,131.3,6698722798,356552,202380,131.3,837896,1030,4723
20170603,2,2,0,OLD,20170982,2,캐리비안의 해적: 죽은 자는 말이 없다,2017-05-24,1819417797,21.7,1065444392,141.3,18400551322,215180,125461,139.8,2237095,756,3220
20170603,3,3,0,OLD,20169348,3,대립군,2017-05-31,1274123297,15.2,580399192,83.7,3395478102,153756,67905,79.1,459762,725,3194
20170603,4,4,0,OLD,20174602,4,노무현입니다,2017-05-25,992209200,11.8,505522400,103.9,8296415112,119639,60055,100.8,1053177,627,2439
20170603,5,5,0,OLD,20175262,5,겟 아웃,2017-05-17,513223500,6.1,243677700,90.4,15978353975,61165,29225,91.5,1958029,475,1273
20170603,6,6,3,OLD,20176141,6,베이블레이드 버스트 갓 : 갓 발키리의 탄생,2017-06-01,176507800,2.1,163789900,1287.9,209413800,23444,21844,1365.3,27820,188,379
20170603,7,7,3,OLD,20174061,7,보스 베이비,2017-05-03,121074600,1.4,110823600,1081.1,18331663604,15992,14499,971.1,2369940,253,346
20170603,8,8,5,OLD,20174821,8,바다 탐험대 옥토넛 시즌4: 더 파이널,2017-06-01,69214500,0.8,62238500,892.2,88191000,10637,9586,912.1,13479,162,280
20170603,9,9,-1,OLD,20173642,9,너와 100번째 사랑,2017-05-25,50424000,0.6,25670500,103.7,412349800,6191,3234,109.4,52387,114,199
20170603,10,10,-4,OLD,20174803,10,7번째 내가 죽던 날,2017-05-31,48567800,0.6,10265900,26.8,155903200,5901,1180,25,20698,214,331
20170604,1,1,0,OLD,20168261,1,원더 우먼,2017-05-31,2760802900,36.4,-334295703,-10.8,9459525698,320498,-36054,-10.1,1158394,1034,4649
20170604,2,2,0,OLD,20170982,2,캐리비안의 해적: 죽은 자는 말이 없다,2017-05-24,1626367900,21.4,-193049897,-10.6,20026919222,193400,-21780,-10.1,2430495,776,3184
20170604,3,3,0,OLD,20169348,3,대립군,2017-05-31,1115793400,14.7,-158329897,-12.4,4511271502,134745,-19011,-12.4,594507,714,3047
20170604,4,4,0,OLD,20174602,4,노무현입니다,2017-05-25,1020713800,13.5,28504600,2.9,9317128912,123572,3933,3.3,1176749,614,2372
20170604,5,5,0,OLD,20175262,5,겟 아웃,2017-05-17,429273100,5.7,-83950400,-16.4,16407627075,50722,-10443,-17.1,2008751,474,1260
20170604,6,6,0,OLD,20176141,6,베이블레이드 버스트 갓 : 갓 발키리의 탄생,2017-06-01,165509100,2.2,-10998700,-6.2,374922900,21628,-1816,-7.7,49448,198,414
20170604,7,7,0,OLD,20174061,7,보스 베이비,2017-05-03,122790800,1.6,1716200,1.4,18454454404,16036,44,0.3,2385976,245,333
20170604,8,8,0,OLD,20174821,8,바다 탐험대 옥토넛 시즌4: 더 파이널,2017-06-01,69156000,0.9,-58500,-0.1,157347000,10578,-59,-0.6,24057,167,299
20170604,9,9,0,OLD,20173642,9,너와 100번째 사랑,2017-05-25,55404500,0.7,4980500,9.9,467754300,6759,568,9.2,59146,114,199
20170604,10,10,0,OLD,20174803,10,7번째 내가 죽던 날,2017-05-31,42636300,0.6,-5931500,-12.2,198539500,5249,-652,-11,25947,207,319
20170605,1,1,0,OLD,20168261,1,원더 우먼,2017-05-31,1408071500,35.9,-1352731400,-49,10867597198,182781,-137717,-43,1341175,996,4623
20170605,2,2,0,OLD,20170982,2,캐리비안의 해적: 죽은 자는 말이 없다,2017-05-24,859232700,21.9,-767135200,-47.2,20886151922,115760,-77640,-40.1,2546255,732,3209
20170605,3,3,1,OLD,20174602,3,노무현입니다,2017-05-25,571865100,14.6,-448848700,-44,9888994012,78344,-45228,-36.6,1255093,593,2385
20170605,4,4,-1,OLD,20169348,4,대립군,2017-05-31,534008000,13.6,-581785400,-52.1,5045279502,73276,-61469,-45.6,667783,687,3058
20170605,5,5,0,OLD,20175262,5,겟 아웃,2017-05-17,253153000,6.5,-176120100,-41,16660780075,33622,-17100,-33.7,2042373,469,1332
20170605,6,6,1,OLD,20174061,6,보스 베이비,2017-05-03,38956300,1.0,-83834500,-68.3,18493410704,5674,-10362,-64.6,2391650,114,149
20170605,7,7,3,OLD,20174803,7,7번째 내가 죽던 날,2017-05-31,36129900,0.9,-6506400,-15.3,234669400,5024,-225,-4.3,30971,220,366
20170605,8,8,1,OLD,20173642,8,너와 100번째 사랑,2017-05-25,33920500,0.9,-21484000,-38.8,501674800,4660,-2099,-31.1,63806,109,198
20170605,9,9,-3,OLD,20176141,9,베이블레이드 버스트 갓 : 갓 발키리의 탄생,2017-06-01,31867200,0.8,-133641900,-80.7,406790100,4650,-16978,-78.5,54098,142,216
20170605,10,10,2,OLD,20164844,10,불한당: 나쁜 놈들의 세상,2017-05-17,34093200,0.9,-5494400,-13.9,7370844825,4476,-145,-3.1,912747,161,249
20170606,1,1,22,OLD,20166488,1,미이라,2017-06-06,7395114400,58.7,7389963400,143466.6,7403515400,873117,872814,288057.4,873670,1257,7039
20170606,2,2,-1,OLD,20168261,2,원더 우먼,2017-05-31,1655383600,13.1,247312100,17.6,12522980798,203859,21078,11.5,1545034,750,2958
20170606,3,3,-1,OLD,20170982,3,캐리비안의 해적: 죽은 자는 말이 없다,2017-05-24,1142420500,9.1,283187800,33,22028572422,140246,24486,21.2,2686501,561,2102
20170606,4,4,-1,OLD,20174602,4,노무현입니다,2017-05-25,947075900,7.5,375210800,65.6,10836069912,117280,38936,49.7,1372373,557,1751
20170606,5,5,-1,OLD,20169348,5,대립군,2017-05-31,494292500,3.9,-39715500,-7.4,5539572002,61573,-11703,-16,729356,534,1535
20170606,6,6,-1,OLD,20175262,6,겟 아웃,2017-05-17,252628500,2.0,-524500,-0.2,16913408575,30499,-3123,-9.3,2072872,290,650
20170606,7,7,2,OLD,20176141,7,베이블레이드 버스트 갓 : 갓 발키리의 탄생,2017-06-01,215992000,1.7,184124800,577.8,622782100,28812,24162,519.6,82910,187,367
20170606,8,8,-2,OLD,20174061,8,보스 베이비,2017-05-03,163845100,1.3,124888800,320.6,18657255804,21751,16077,283.3,2413401,182,254
20170606,9,9,2,OLD,20174821,9,바다 탐험대 옥토넛 시즌4: 더 파이널,2017-06-01,118994500,0.9,101167000,567.5,294169000,18370,15671,580.6,45126,167,270
20170606,10,10,3,OLD,20175581,10,파워배틀 와치카: 와치가면의 역습,2017-06-01,42720100,0.3,32319200,310.7,139593500,6046,4457,280.5,19331,163,193
20170607,1,1,0,OLD,20166488,1,미이라,2017-06-06,1639926800,61.4,-5755187600,-77.8,9043442200,214604,-658513,-75.4,1088274,1126,6496
20170607,2,2,0,OLD,20168261,2,원더 우먼,2017-05-31,314878400,11.8,-1340505200,-81,12837859198,42680,-161179,-79.1,1587714,731,2907
20170607,3,3,1,OLD,20174602,3,노무현입니다,2017-05-25,237138900,8.9,-709937000,-75,11073208812,33176,-84104,-71.7,1405549,533,1910
20170607,4,4,-1,OLD,20170982,4,캐리비안의 해적: 죽은 자는 말이 없다,2017-05-24,193571000,7.3,-948849500,-83.1,22222143422,25871,-114375,-81.6,2712372,508,2003
20170607,5,5,0,OLD,20169348,5,대립군,2017-05-31,122084000,4.6,-372208500,-75.3,5661656002,17446,-44127,-71.7,746802,513,1543
20170607,6,6,0,OLD,20175262,6,겟 아웃,2017-05-17,54123400,2.0,-198505100,-78.6,16967531975,7052,-23447,-76.9,2079924,280,642
20170607,7,7,0,NEW,20166384,7,하루,2017-06-15,14350000,0.5,14350000,100,19934000,1799,1799,100,2497,8,8
20170607,8,8,7,OLD,20164844,8,불한당: 나쁜 놈들의 세상,2017-05-17,9455500,0.4,1628500,20.8,7388127325,1292,341,35.9,914990,54,79
20170607,9,9,2,OLD,20173642,9,너와 100번째 사랑,2017-05-25,9217500,0.3,-34652000,-79,554761800,1248,-4272,-77.4,70574,69,108
20170607,10,10,4,OLD,20160483,10,꿈의 제인,2017-05-31,6998000,0.3,-5424000,-43.7,103793700,928,-503,-35.2,12652,54,106
20170608,1,1,0,OLD,20166488,1,미이라,2017-06-06,1286215600,49.0,-353711200,-21.6,10329657800,167531,-47073,-21.9,1255805,1120,6238
20170608,2,2,17,OLD,20162343,2,악녀,2017-06-08,543427900,20.7,540819900,20737,578013900,73305,72979,22386.2,77718,563,2506
20170608,3,3,-1,OLD,20168261,3,원더 우먼,2017-05-31,234560300,8.9,-80318100,-25.5,13072419498,31667,-11013,-25.8,1619381,598,2249
20170608,4,4,-1,OLD,20174602,4,노무현입니다,2017-05-25,180708600,6.9,-56430300,-23.8,11253917412,24994,-8182,-24.7,1430543,494,1431
20170608,5,5,-1,OLD,20170982,5,캐리비안의 해적: 죽은 자는 말이 없다,2017-05-24,147942600,5.6,-45628400,-23.6,22370086022,19365,-6506,-25.1,2731737,461,1509
20170608,6,6,-1,OLD,20169348,6,대립군,2017-05-31,72813000,2.8,-49271000,-40.4,5734469002,10589,-6857,-39.3,757391,436,930
20170608,7,7,-1,OLD,20175262,7,겟 아웃,2017-05-17,28446400,1.1,-25677000,-47.4,16995978375,3700,-3352,-47.5,2083624,180,326
20170608,8,8,21,OLD,20173833,8,심야식당 2,2017-06-08,24197300,0.9,22933300,1814.3,36055300,3355,3197,2023.4,4911,229,462
20170608,9,9,44,OLD,20175142,9,극장판 쿠로코의 농구 라스트 게임,2017-04-27,12132000,0.5,11741000,3002.8,427218000,1703,1650,3113.2,57707,16,21
20170608,10,10,0,NEW,20168041,10,용순,2017-06-08,8979500,0.3,8979500,100,16813000,1236,1236,100,2655,117,272
20170609,1,1,0,OLD,20166488,1,미이라,2017-06-06,1877265986,51.8,591050386,46,12206923786,222022,54491,32.5,1477827,1170,6612
20170609,2,2,0,OLD,20162343,2,악녀,2017-06-08,662090414,18.3,118662514,21.8,1240104314,80452,7147,9.7,158170,590,2595
20170609,3,3,0,OLD,20168261,3,원더 우먼,2017-05-31,371818514,10.3,137258214,58.5,13444238012,45025,13358,42.2,1664406,607,2267
20170609,4,4,0,OLD,20174602,4,노무현입니다,2017-05-25,227095600,6.3,46387000,25.7,11481013012,28285,3291,13.2,1458828,513,1489
20170609,5,5,0,OLD,20170982,5,캐리비안의 해적: 죽은 자는 말이 없다,2017-05-24,234391000,6.5,86448400,58.4,22604477022,28206,8841,45.7,2759943,483,1537
20170609,6,6,0,OLD,20169348,6,대립군,2017-05-31,76302300,2.1,3489300,4.8,5810771302,10115,-474,-4.5,767506,442,931
20170609,7,7,0,OLD,20175262,7,겟 아웃,2017-05-17,39739700,1.1,11293300,39.7,17035718075,4780,1080,29.2,2088404,180,316
20170609,8,8,0,OLD,20173833,8,심야식당 2,2017-06-08,35399600,1.0,11202300,46.3,71454900,4351,996,29.7,9262,235,459
20170609,9,9,4,OLD,20164844,9,불한당: 나쁜 놈들의 세상,2017-05-17,12217000,0.3,6378200,109.2,7406183125,1350,456,51,917234,30,37
20170609,10,10,0,OLD,20168041,10,용순,2017-06-08,8493500,0.2,-486000,-5.4,25306500,1108,-128,-10.4,3763,120,263
20170610,1,1,0,OLD,20166488,1,미이라,2017-06-06,4169729015,52.7,2292463029,122.1,16376652801,483476,261454,117.8,1961303,1254,7519
20170610,2,2,0,OLD,20162343,2,악녀,2017-06-08,1256538235,15.9,594447821,89.8,2496642549,149219,68767,85.5,307389,671,2724
20170610,3,3,0,OLD,20168261,3,원더 우먼,2017-05-31,858554735,10.9,486736221,130.9,14302792747,103585,58560,130.1,1767991,611,2062
20170610,4,4,1,OLD,20170982,4,캐리비안의 해적: 죽은 자는 말이 없다,2017-05-24,532428000,6.7,298037000,127.2,23136905022,63514,35308,125.2,2823457,512,1427
20170610,5,5,-1,OLD,20174602,5,노무현입니다,2017-05-25,455729800,5.8,228634200,100.7,11936742812,55330,27045,95.6,1514158,509,1440
20170610,6,6,0,OLD,20169348,6,대립군,2017-05-31,105799300,1.3,29497000,38.7,5916570602,13284,3169,31.3,780790,388,669
20170610,7,7,0,OLD,20175262,7,겟 아웃,2017-05-17,84076400,1.1,44336700,111.6,17119794475,9887,5107,106.8,2098291,180,314
20170610,8,8,17,OLD,20176141,8,베이블레이드 버스트 갓 : 갓 발키리의 탄생,2017-06-01,69682800,0.9,67497100,3088.1,700585100,9000,8725,3172.7,93035,158,254
20170610,9,9,14,OLD,20174061,9,보스 베이비,2017-05-03,59347100,0.8,57139600,2588.4,18726127904,8016,7702,2452.9,2422849,161,223
20170610,10,10,2,OLD,20174821,10,바다 탐험대 옥토넛 시즌4: 더 파이널,2017-06-01,45381500,0.6,40874500,906.9,351814500,6963,6238,860.4,53992,145,262
20170611,1,1,0,OLD,20166488,1,미이라,2017-06-06,3626338200,50.7,-543390815,-13,20002991001,422898,-60578,-12.5,2384201,1251,7316
20170611,2,2,0,OLD,20162343,2,악녀,2017-06-08,1288823000,18.0,32284765,2.6,3785465549,151449,2230,1.5,458838,679,2688
20170611,3,3,0,OLD,20168261,3,원더 우먼,2017-05-31,758943500,10.6,-99611235,-11.6,15061736247,91939,-11646,-11.2,1859930,604,2001
20170611,4,4,0,OLD,20170982,4,캐리비안의 해적: 죽은 자는 말이 없다,2017-05-24,485136600,6.8,-47291400,-8.9,23622041622,57959,-5555,-8.7,2881416,506,1405
20170611,5,5,0,OLD,20174602,5,노무현입니다,2017-05-25,438584200,6.1,-17145600,-3.8,12375327012,53664,-1666,-3,1567822,530,1427
20170611,6,6,0,OLD,20169348,6,대립군,2017-05-31,94842200,1.3,-10957100,-10.4,6011412802,11850,-1434,-10.8,792640,364,629
20170611,7,7,1,OLD,20176141,7,베이블레이드 버스트 갓 : 갓 발키리의 탄생,2017-06-01,78852800,1.1,9170000,13.2,779437900,10100,1100,12.2,103135,161,257
20170611,8,8,1,OLD,20174061,8,보스 베이비,2017-05-03,74369300,1.0,15022200,25.3,18800497204,9872,1856,23.2,2432721,166,235
20170611,9,9,1,OLD,20174821,9,바다 탐험대 옥토넛 시즌4: 더 파이널,2017-06-01,49856000,0.7,4474500,9.9,401670500,7652,689,9.9,61644,146,265
20170611,10,10,-3,OLD,20175262,10,겟 아웃,2017-05-17,64500600,0.9,-19575800,-23.3,17184295075,7578,-2309,-23.4,2105869,174,306
20170612,1,1,0,OLD,20166488,1,미이라,2017-06-06,812419200,43.2,-2813919000,-77.6,20815410201,106244,-316654,-74.9,2490445,1086,6146
20170612,2,2,0,OLD,20162343,2,악녀,2017-06-08,472364500,25.1,-816458500,-63.3,4257830049,62732,-88717,-58.6,521570,660,2840
20170612,3,3,0,OLD,20168261,3,원더 우먼,2017-05-31,192160600,10.2,-566782900,-74.7,15253896847,25772,-66167,-72,1885702,548,2002
20170612,4,4,1,OLD,20174602,4,노무현입니다,2017-05-25,127987100,6.8,-310597100,-70.8,12503314112,17701,-35963,-67,1585523,513,1510
20170612,5,5,-1,OLD,20170982,5,캐리비안의 해적: 죽은 자는 말이 없다,2017-05-24,115628900,6.1,-369507700,-76.2,23737670522,15309,-42650,-73.6,2896725,450,1379
20170612,6,6,0,OLD,20169348,6,대립군,2017-05-31,39503300,2.1,-55338900,-58.3,6050916102,5785,-6065,-51.2,798425,390,745
20170612,7,7,4,OLD,20173833,7,심야식당 2,2017-06-08,23849100,1.3,-20464600,-46.2,194613000,3284,-2068,-38.6,24518,213,403
20170612,8,8,2,OLD,20175262,8,겟 아웃,2017-05-17,20142900,1.1,-44357700,-68.8,17204437975,2649,-4929,-65,2108518,164,298
20170612,9,9,10,OLD,20158485,9,옥자,2017-06-29,10647000,0.6,3959000,59.2,17335000,1521,685,81.9,2357,4,5
20170612,10,10,2,OLD,20176983,10,킹 오브 프리즘 - 프라이드 더 히어로,2017-06-10,10533000,0.6,-16219500,-60.6,113008500,1421,-1865,-56.8,12108,78,143
20170613,1,1,0,OLD,20166488,1,미이라,2017-06-06,682481000,39.9,-129938200,-16,21497891201,89712,-16532,-15.6,2580157,1094,6106
20170613,2,2,0,OLD,20162343,2,악녀,2017-06-08,429041400,25.1,-43323100,-9.2,4686871449,57342,-5390,-8.6,578912,678,2857
20170613,3,3,0,OLD,20168261,3,원더 우먼,2017-05-31,171278900,10.0,-20881700,-10.9,15425175747,23181,-2591,-10.1,1908883,557,1982
20170613,4,4,0,OLD,20174602,4,노무현입니다,2017-05-25,119798900,7.0,-8188200,-6.4,12623113012,16682,-1019,-5.8,1602205,518,1504
20170613,5,5,0,OLD,20170982,5,캐리비안의 해적: 죽은 자는 말이 없다,2017-05-24,99904400,5.8,-15724500,-13.6,23837574922,13317,-1992,-13,2910042,434,1324
20170613,6,6,0,OLD,20169348,6,대립군,2017-05-31,36607500,2.1,-2895800,-7.3,6087523602,5550,-235,-4.1,803975,379,706
20170613,7,7,0,OLD,20173833,7,심야식당 2,2017-06-08,20391500,1.2,-3457600,-14.5,215004500,2831,-453,-13.8,27349,216,393
20170613,8,8,1,OLD,20158485,8,옥자,2017-06-29,17479000,1.0,6832000,64.2,34814000,2497,976,64.2,4854,8,8
20170613,9,9,-1,OLD,20175262,9,겟 아웃,2017-05-17,17815500,1.0,-2327400,-11.6,17222253475,2334,-315,-11.9,2110852,167,293
20170613,10,10,0,NEW,20175423,10,나의 붉은고래,2017-06-15,13139000,0.8,13139000,100,42833000,1877,1877,100,6188,14,14
20170614,1,1,0,OLD,20166488,1,미이라,2017-06-06,674222700,38.7,-8258300,-1.2,22172113901,88983,-729,-0.8,2669140,1070,5925
20170614,2,2,0,OLD,20162343,2,악녀,2017-06-08,437419200,25.1,8377800,2,5124290649,58452,1110,1.9,637364,685,2948
20170614,3,3,0,OLD,20168261,3,원더 우먼,2017-05-31,182563200,10.5,11284300,6.6,15607738947,24765,1584,6.8,1933648,550,1982
20170614,4,4,0,OLD,20174602,4,노무현입니다,2017-05-25,149895200,8.6,30096300,25.1,12773008212,20977,4295,25.7,1623182,518,1524
20170614,5,5,0,OLD,20170982,5,캐리비안의 해적: 죽은 자는 말이 없다,2017-05-24,108672400,6.2,8768000,8.8,23946247322,14569,1252,9.4,2924611,449,1350
20170614,6,6,0,OLD,20169348,6,대립군,2017-05-31,36800600,2.1,193100,0.5,6124324202,5244,-306,-5.5,809219,351,658
20170614,7,7,0,OLD,20173833,7,심야식당 2,2017-06-08,25316400,1.5,4924900,24.2,240320900,3484,653,23.1,30833,213,398
20170614,8,8,1,OLD,20175262,8,겟 아웃,2017-05-17,21001800,1.2,3186300,17.9,17243255275,2735,401,17.2,2113587,166,293
20170614,9,9,7,OLD,20166384,9,하루,2017-06-15,16679000,1.0,11819000,243.2,60102000,1872,1062,131.1,7124,5,5
20170614,10,10,0,NEW,20175662,10,엘르,2017-06-15,11001100,0.6,11001100,100,17181600,1223,1223,100,1919,17,17
20170615,1,1,8,OLD,20166384,1,하루,2017-06-15,582488900,29.3,565809900,3392.3,642590900,77978,76106,4065.5,85102,672,3672
20170615,2,2,-1,OLD,20166488,2,미이라,2017-06-06,560562300,28.2,-113660400,-16.9,22732676201,73443,-15540,-17.5,2742583,864,4651
20170615,3,3,-1,OLD,20162343,3,악녀,2017-06-08,317627200,16.0,-119792000,-27.4,5441917849,42513,-15939,-27.3,679877,581,2423
20170615,4,4,-1,OLD,20168261,4,원더 우먼,2017-05-31,132034000,6.6,-50529200,-27.7,15739772947,17754,-7011,-28.3,1951402,468,1327
20170615,5,5,-1,OLD,20174602,5,노무현입니다,2017-05-25,112364300,5.7,-37530900,-25,12885372512,15626,-5351,-25.5,1638808,455,1129
20170615,6,6,-1,OLD,20170982,6,캐리비안의 해적: 죽은 자는 말이 없다,2017-05-24,67901000,3.4,-40771400,-37.5,24014148322,8970,-5599,-38.4,2933581,357,726
20170615,7,7,23,OLD,20175423,7,나의 붉은고래,2017-06-15,48763200,2.5,47676200,4386,92683200,6571,6416,4139.4,12914,365,1052
20170615,8,8,2,OLD,20175662,8,엘르,2017-06-15,13215200,0.7,2214100,20.1,30396800,1874,651,53.2,3793,49,133
20170615,9,9,49,OLD,20175142,9,극장판 쿠로코의 농구 라스트 게임,2017-04-27,12597000,0.6,12391000,6015,443906500,1786,1758,6278.6,60012,15,20
20170615,10,10,-4,OLD,20169348,10,대립군,2017-05-31,11372900,0.6,-25427700,-69.1,6135697102,1733,-3511,-67,810952,101,146
20170616,1,1,0,OLD,20166384,1,하루,2017-06-15,836373655,29.9,253884755,43.6,1478964555,101803,23825,30.6,186905,707,3798
20170616,2,2,0,OLD,20166488,2,미이라,2017-06-06,827449180,29.5,266886880,47.6,23560125381,98073,24630,33.5,2840656,892,4814
20170616,3,3,0,OLD,20162343,3,악녀,2017-06-08,443873220,15.8,126246020,39.7,5885791069,52939,10426,24.5,732816,606,2536
20170616,4,4,0,OLD,20168261,4,원더 우먼,2017-05-31,200465575,7.2,68431575,51.8,15940238522,24054,6300,35.5,1975456,486,1384
20170616,5,5,0,OLD,20174602,5,노무현입니다,2017-05-25,147649000,5.3,35284700,31.4,13033021512,18206,2580,16.5,1657014,445,1164
20170616,6,6,0,OLD,20170982,6,캐리비안의 해적: 죽은 자는 말이 없다,2017-05-24,112000900,4.0,44099900,64.9,24126149222,13358,4388,48.9,2946939,384,777
20170616,7,7,0,OLD,20175423,7,나의 붉은고래,2017-06-15,55511200,2.0,6748000,13.8,148194400,6907,336,5.1,19821,358,960
20170616,8,8,2,OLD,20169348,8,대립군,2017-05-31,14600700,0.5,3227800,28.4,6150297802,2076,343,19.8,813028,100,142
20170616,9,9,-1,OLD,20175662,9,엘르,2017-06-15,14622200,0.5,1407000,10.6,45019000,1801,-73,-3.9,5594,52,138
20170616,10,10,5,OLD,20175262,10,겟 아웃,2017-05-17,13489900,0.5,5043900,59.7,17265191175,1568,478,43.9,2116245,62,104
20170617,1,1,1,OLD,20166488,1,미이라,2017-06-06,1808650899,30.4,981201719,118.6,25368776280,210633,112560,114.8,3051289,931,5160
20170617,2,2,-1,OLD,20166384,2,하루,2017-06-15,1667832363,28.0,831458708,99.4,3146796918,199548,97745,96,386453,769,4192
20170617,3,3,0,OLD,20162343,3,악녀,2017-06-08,867863501,14.6,423990281,95.5,6753654570,102101,49162,92.9,834917,629,2593
20170617,4,4,0,OLD,20168261,4,원더 우먼,2017-05-31,466826464,7.8,266360889,132.9,16407064986,56027,31973,132.9,2031483,510,1397
20170617,5,5,0,OLD,20174602,5,노무현입니다,2017-05-25,283217000,4.8,135568000,91.8,13316238512,34301,16095,88.4,1691315,492,1214
20170617,6,6,0,OLD,20170982,6,캐리비안의 해적: 죽은 자는 말이 없다,2017-05-24,268531600,4.5,156530700,139.8,24394680822,31722,18364,137.5,2978661,396,832
20170617,7,7,0,OLD,20175423,7,나의 붉은고래,2017-06-15,108606500,1.8,53095300,95.6,256800900,13497,6590,95.4,33318,390,899
20170617,8,8,6,OLD,20176741,8,꼬마참새 리차드: 아프리카 원정대,2017-06-15,95189900,1.6,86364500,978.6,137299800,12638,11390,912.7,18276,319,454
20170617,9,9,6,OLD,20172241,9,꼬마돼지 베이브의 대모험,2017-06-15,67644000,1.1,59557000,736.5,89451000,9168,7959,658.3,12612,306,411
20170617,10,10,47,OLD,20174061,10,보스 베이비,2017-05-03,31189900,0.5,30897900,10581.5,18838764904,4291,4255,11819.4,2438168,97,127
20170618,1,1,0,OLD,20166488,1,미이라,2017-06-06,1622618100,30.1,-186032799,-10.3,26991394380,189596,-21037,-10,3240885,933,5022
20170618,2,2,0,OLD,20166384,2,하루,2017-06-15,1507498700,27.9,-160333663,-9.6,4654295618,179441,-20107,-10.1,565894,781,4125
20170618,3,3,0,OLD,20162343,3,악녀,2017-06-08,788708500,14.6,-79155001,-9.1,7542363070,92143,-9958,-9.8,927060,629,2544
20170618,4,4,0,OLD,20168261,4,원더 우먼,2017-05-31,403256900,7.5,-63569564,-13.6,16810321886,48556,-7471,-13.3,2080039,499,1365
20170618,5,5,0,OLD,20174602,5,노무현입니다,2017-05-25,259698800,4.8,-23518200,-8.3,13575937312,31675,-2626,-7.7,1722990,488,1163
20170618,6,6,0,OLD,20170982,6,캐리비안의 해적: 죽은 자는 말이 없다,2017-05-24,241279000,4.5,-27252600,-10.1,24635959822,28423,-3299,-10.4,3007084,402,842
20170618,7,7,1,OLD,20176741,7,꼬마참새 리차드: 아프리카 원정대,2017-06-15,117045800,2.2,21855900,23,254345600,15201,2563,20.3,33477,313,448
20170618,8,8,-1,OLD,20175423,8,나의 붉은고래,2017-06-15,97156600,1.8,-11449900,-10.5,353957500,12114,-1383,-10.2,45432,376,819
20170618,9,9,0,OLD,20172241,9,꼬마돼지 베이브의 대모험,2017-06-15,68824700,1.3,1180700,1.7,158275700,9143,-25,-0.3,21755,312,419
20170618,10,10,0,OLD,20174061,10,보스 베이비,2017-05-03,38086800,0.7,6896900,22.1,18876851704,5160,869,20.3,2443328,101,132
20170619,1,1,1,OLD,20166384,1,하루,2017-06-15,435218600,28.9,-1072280100,-71.1,5089514218,58150,-121291,-67.6,624044,700,3884
20170619,2,2,-1,OLD,20166488,2,미이라,2017-06-06,415929500,27.6,-1206688600,-74.4,27407323880,54700,-134896,-71.1,3295585,831,4500
20170619,3,3,0,OLD,20162343,3,악녀,2017-06-08,262173400,17.4,-526535100,-66.8,7804536470,34993,-57150,-62,962053,599,2510
20170619,4,4,0,OLD,20168261,4,원더 우먼,2017-05-31,108044100,7.2,-295212800,-73.2,16918365986,14521,-34035,-70.1,2094560,440,1300
20170619,5,5,0,OLD,20174602,5,노무현입니다,2017-05-25,85313700,5.7,-174385100,-67.1,13661251012,11656,-20019,-63.2,1734646,435,1161
20170619,6,6,0,OLD,20170982,6,캐리비안의 해적: 죽은 자는 말이 없다,2017-05-24,70650900,4.7,-170628100,-70.7,24706610722,9248,-19175,-67.5,3016332,352,779
20170619,7,7,1,OLD,20175423,7,나의 붉은고래,2017-06-15,21223700,1.4,-75932900,-78.2,375181200,2873,-9241,-76.3,48305,319,668
20170619,8,8,12,OLD,20169348,8,대립군,2017-05-31,8705300,0.6,-1156700,-11.7,6180378802,1410,157,12.5,817167,75,116
20170619,9,9,4,OLD,20175662,9,엘르,2017-06-15,10214000,0.7,-11934600,-53.9,100442200,1404,-1230,-46.7,12408,48,126
20170619,10,10,2,OLD,20178982,10,박열,2017-06-28,6615000,0.4,-18317900,-73.5,84118000,1323,-1414,-51.7,10431,5,5
20170620,1,1,0,OLD,20166384,1,하루,2017-06-15,422916100,27.6,-12302500,-2.8,5512430318,56833,-1317,-2.3,680877,733,3888
20170620,2,2,0,OLD,20166488,2,미이라,2017-06-06,386299700,25.2,-29629800,-7.1,27793623580,51044,-3656,-6.7,3346629,844,4440
20170620,3,3,0,OLD,20162343,3,악녀,2017-06-08,245545200,16.0,-16628200,-6.3,8050081670,32972,-2021,-5.8,995025,617,2476
20170620,4,4,0,OLD,20168261,4,원더 우먼,2017-05-31,107644500,7.0,-399600,-0.4,17026010486,14509,-12,-0.1,2109069,441,1275
20170620,5,5,0,OLD,20174602,5,노무현입니다,2017-05-25,89729200,5.8,4415500,5.2,13750980212,12627,971,8.3,1747273,463,1178
20170620,6,6,0,OLD,20170982,6,캐리비안의 해적: 죽은 자는 말이 없다,2017-05-24,69673200,4.5,-977700,-1.4,24776283922,9168,-80,-0.9,3025500,344,756
20170620,7,7,3,OLD,20178982,7,박열,2017-06-28,37896000,2.5,31281000,472.9,122014000,4842,3519,266,15273,29,29
20170620,8,8,-1,OLD,20175423,8,나의 붉은고래,2017-06-15,20941900,1.4,-281800,-1.3,396123100,2859,-14,-0.5,51164,317,629
20170620,9,9,0,NEW,20166967,9,트랜스포머: 최후의 기사,2017-06-21,20871000,1.4,20871000,100,20871000,1839,1839,100,1839,4,5
20170620,10,10,-1,OLD,20175662,10,엘르,2017-06-15,10546500,0.7,332500,3.3,110988700,1473,69,4.9,13881,47,125
20170621,1,1,8,OLD,20166967,1,트랜스포머: 최후의 기사,2017-06-21,2238537300,69.7,2217666300,10625.6,2259408300,285979,284140,15450.8,287818,1739,8121
20170621,2,2,-1,OLD,20166384,2,하루,2017-06-15,321454900,10.0,-101461200,-24,5833885218,43196,-13637,-24,724073,597,2140
20170621,3,3,-1,OLD,20166488,3,미이라,2017-06-06,211068900,6.6,-175230800,-45.4,28004692480,28457,-22587,-44.3,3375086,547,1801
20170621,4,4,-1,OLD,20162343,4,악녀,2017-06-08,148812500,4.6,-96732700,-39.4,8198894170,19882,-13090,-39.7,1014907,442,1233
20170621,5,5,8,OLD,20169348,5,대립군,2017-05-31,56013500,1.7,48498000,645.3,6243907802,13750,12556,1051.6,832111,91,98
20170621,6,6,-1,OLD,20174602,6,노무현입니다,2017-05-25,56862500,1.8,-32866700,-36.6,13807842712,8000,-4627,-36.6,1755273,330,628
20170621,7,7,-3,OLD,20168261,7,원더 우먼,2017-05-31,38405900,1.2,-69238600,-64.3,17064416386,5170,-9339,-64.4,2114239,209,376
20170621,8,8,-2,OLD,20170982,8,캐리비안의 해적: 죽은 자는 말이 없다,2017-05-24,20627900,0.6,-49045300,-70.4,24796911822,2700,-6468,-70.5,3028200,97,171
20170621,9,9,1,OLD,20175662,9,엘르,2017-06-15,11496900,0.4,950400,9,122485600,1548,75,5.1,15429,31,85
20170621,10,10,-2,OLD,20175423,10,나의 붉은고래,2017-06-15,10134500,0.3,-10807400,-51.6,406257600,1378,-1481,-51.8,52542,145,179
20170622,1,1,0,OLD,20166967,1,트랜스포머: 최후의 기사,2017-06-21,1544556400,61.2,-693980900,-31,3803964700,196749,-89230,-31.2,484567,1711,7975
20170622,2,2,0,OLD,20166384,2,하루,2017-06-15,287537400,11.4,-33917500,-10.6,6121422618,38578,-4618,-10.7,762651,562,1900
20170622,3,3,0,OLD,20166488,3,미이라,2017-06-06,189940300,7.5,-21128600,-10,28194632780,25459,-2998,-10.5,3400545,536,1653
20170622,4,4,0,OLD,20162343,4,악녀,2017-06-08,126603500,5.0,-22209000,-14.9,8325497670,17130,-2752,-13.8,1032037,416,973
20170622,5,5,0,NEW,20176201,5,더 서클,2017-06-22,77967000,3.1,77967000,100,85991000,10401,10401,100,11431,155,827
20170622,6,6,17,OLD,20175982,6,다크 하우스,2017-06-22,62210400,2.5,58832400,1741.6,66596400,8171,7748,1831.7,8720,278,552
20170622,7,7,-1,OLD,20174602,7,노무현입니다,2017-05-25,45418500,1.8,-11444000,-20.1,13853261212,6427,-1573,-19.7,1761700,287,481
20170622,8,8,-1,OLD,20168261,8,원더 우먼,2017-05-31,27900500,1.1,-10505400,-27.4,17092316886,3803,-1367,-26.4,2118042,151,232
20170622,9,9,66,OLD,20040526,9,첫키스만 50번째,2004-04-15,21458700,0.9,21339700,17932.5,1236608200,2943,2926,17211.8,187370,134,287
20170622,10,10,-2,OLD,20170982,10,캐리비안의 해적: 죽은 자는 말이 없다,2017-05-24,13559500,0.5,-7068400,-34.3,24810471322,1742,-958,-35.5,3029942,70,92
20170623,1,1,0,OLD,20166967,1,트랜스포머: 최후의 기사,2017-06-21,2083308664,63.8,538752264,34.9,5887273364,240810,44061,22.4,725377,1727,8079
20170623,2,2,0,OLD,20166384,2,하루,2017-06-15,367430025,11.2,79892625,27.8,6488852643,44572,5994,15.5,807223,594,2022
20170623,3,3,0,OLD,20166488,3,미이라,2017-06-06,251635197,7.7,61694897,32.5,28446267977,30257,4798,18.8,3430802,548,1657
20170623,4,4,0,OLD,20162343,4,악녀,2017-06-08,172237539,5.3,45634039,36,8497735209,20652,3522,20.6,1052689,451,1050
20170623,5,5,0,OLD,20176201,5,더 서클,2017-06-22,83488300,2.6,5521300,7.1,169479300,9912,-489,-4.7,21343,160,806
20170623,6,6,1,OLD,20174602,6,노무현입니다,2017-05-25,56668500,1.7,11250000,24.8,13909929712,7145,718,11.2,1768845,300,529
20170623,7,7,-1,OLD,20175982,7,다크 하우스,2017-06-22,56271600,1.7,-5938800,-9.5,122868000,6655,-1516,-18.6,15375,271,533
20170623,8,8,0,OLD,20168261,8,원더 우먼,2017-05-31,39214100,1.2,11313600,40.5,17131530986,4629,826,21.7,2122671,150,224
20170623,9,9,0,OLD,20040526,9,첫키스만 50번째,2004-04-15,30707800,0.9,9249100,43.1,1267316000,3714,771,26.2,191084,139,299
20170623,10,10,0,OLD,20170982,10,캐리비안의 해적: 죽은 자는 말이 없다,2017-05-24,15757500,0.5,2198000,16.2,24826228822,1819,77,4.4,3031761,71,94
20170624,1,1,0,OLD,20166967,1,트랜스포머: 최후의 기사,2017-06-21,4642964064,65.3,2559655400,122.9,10530237428,540674,299864,124.5,1266051,1709,8288
20170624,2,2,0,OLD,20166384,2,하루,2017-06-15,763525729,10.7,396095704,107.8,7252378372,90935,46363,104,898158,663,2248
20170624,3,3,0,OLD,20166488,3,미이라,2017-06-06,566172101,8.0,314536904,125,29012440078,67485,37228,123,3498287,591,1690
20170624,4,4,0,OLD,20162343,4,악녀,2017-06-08,314081435,4.4,141843896,82.4,8811816644,37035,16383,79.3,1089724,463,1067
20170624,5,5,0,OLD,20176201,5,더 서클,2017-06-22,133568300,1.9,50080000,60,303047600,15291,5379,54.3,36634,165,726
20170624,6,6,0,OLD,20174602,6,노무현입니다,2017-05-25,115885600,1.6,59217100,104.5,14025815312,14121,6976,97.6,1782966,299,545
20170624,7,7,6,OLD,20175821,7,언더더씨,2017-06-22,76568600,1.1,70228400,1107.7,91248800,9831,8975,1048.5,11885,156,299
20170624,8,8,0,OLD,20168261,8,원더 우먼,2017-05-31,82058200,1.2,42844100,109.3,17213589186,9665,5036,108.8,2132336,165,241
20170624,9,9,-2,OLD,20175982,9,다크 하우스,2017-06-22,68831800,1.0,12560200,22.3,191699800,8005,1350,20.3,23380,248,479
20170624,10,10,7,OLD,20176741,10,꼬마참새 리차드: 아프리카 원정대,2017-06-15,58882400,0.8,54586900,1270.8,337579900,7872,7255,1175.9,45035,155,213
20170625,1,1,0,OLD,20166967,1,트랜스포머: 최후의 기사,2017-06-21,4125746400,63.0,-517217664,-11.1,14655983828,484562,-56112,-10.4,1750613,1674,8031
20170625,2,2,0,OLD,20166384,2,하루,2017-06-15,764321700,11.7,795971,0.1,8016700072,90994,59,0.1,989152,666,2257
20170625,3,3,0,OLD,20166488,3,미이라,2017-06-06,538721900,8.2,-27450201,-4.8,29551161978,64167,-3318,-4.9,3562454,570,1646
20170625,4,4,0,OLD,20162343,4,악녀,2017-06-08,321164200,4.9,7082765,2.3,9132980844,37775,740,2,1127499,465,1063
20170625,5,5,1,OLD,20174602,5,노무현입니다,2017-05-25,123610500,1.9,7724900,6.7,14149425812,15089,968,6.9,1798055,294,535
20170625,6,6,-1,OLD,20176201,6,더 서클,2017-06-22,116973400,1.8,-16594900,-12.4,420021000,13484,-1807,-11.8,50118,169,668
20170625,7,7,3,OLD,20176741,7,꼬마참새 리차드: 아프리카 원정대,2017-06-15,79447500,1.2,20565100,34.9,417027400,10490,2618,33.3,55525,158,223
20170625,8,8,-1,OLD,20175821,8,언더더씨,2017-06-22,82561500,1.3,5992900,7.8,173810300,10466,635,6.5,22351,163,298
20170625,9,9,-1,OLD,20168261,9,원더 우먼,2017-05-31,78253000,1.2,-3805200,-4.6,17291842186,9238,-427,-4.4,2141574,168,240
20170625,10,10,-1,OLD,20175982,10,다크 하우스,2017-06-22,47545200,0.7,-21286600,-30.9,239245000,5585,-2420,-30.2,28965,242,432
20170626,1,1,0,OLD,20166967,1,트랜스포머: 최후의 기사,2017-06-21,786042300,48.8,-3339704100,-80.9,15442026128,101082,-383480,-79.1,1851695,1535,7001
20170626,2,2,0,OLD,20166384,2,하루,2017-06-15,255340300,15.9,-508981400,-66.6,8272040372,33944,-57050,-62.7,1023096,630,2325
20170626,3,3,0,OLD,20166488,3,미이라,2017-06-06,164401600,10.2,-374320300,-69.5,29715563578,22016,-42151,-65.7,3584470,510,1679
20170626,4,4,0,OLD,20162343,4,악녀,2017-06-08,141375100,8.8,-179789100,-56,9274355944,19001,-18774,-49.7,1146500,458,1275
20170626,5,5,0,OLD,20174602,5,노무현입니다,2017-05-25,44418600,2.8,-79191900,-64.1,14193844412,6350,-8739,-57.9,1804405,305,605
20170626,6,6,0,OLD,20176201,6,더 서클,2017-06-22,44749600,2.8,-72223800,-61.7,464770600,5932,-7552,-56,56050,161,680
20170626,7,7,2,OLD,20168261,7,원더 우먼,2017-05-31,31283200,1.9,-46969800,-60,17323125386,4136,-5102,-55.2,2145710,169,269
20170626,8,8,3,OLD,20040526,8,첫키스만 50번째,2004-04-15,22369200,1.4,-22530100,-50.2,1377865400,3080,-2242,-42.1,204615,130,279
20170626,9,9,1,OLD,20175982,9,다크 하우스,2017-06-22,22364100,1.4,-25181100,-53,261609100,2949,-2636,-47.2,31914,231,425
20170626,10,10,0,NEW,20159647,10,리얼,2017-06-28,15832000,1.0,15832000,100,19642000,2064,2064,100,2490,4,8
20170627,1,1,0,OLD,20166967,1,트랜스포머: 최후의 기사,2017-06-21,612068600,42.5,-173973700,-22.1,16054094728,79111,-21971,-21.7,1930806,1539,6822
20170627,2,2,0,OLD,20166384,2,하루,2017-06-15,240837900,16.7,-14502400,-5.7,8512878272,32025,-1919,-5.7,1055121,625,2300
20170627,3,3,0,OLD,20166488,3,미이라,2017-06-06,150315000,10.4,-14086600,-8.6,29865878578,20298,-1718,-7.8,3604768,534,1698
20170627,4,4,0,OLD,20162343,4,악녀,2017-06-08,127459000,8.9,-13916100,-9.8,9401814944,17302,-1699,-8.9,1163802,470,1284
20170627,5,5,0,OLD,20174602,5,노무현입니다,2017-05-25,47161400,3.3,2742800,6.2,14241005812,7238,888,14,1811643,315,609
20170627,6,6,0,OLD,20176201,6,더 서클,2017-06-22,44420500,3.1,-329100,-0.7,509191100,5943,11,0.2,61993,159,667
20170627,7,7,0,OLD,20168261,7,원더 우먼,2017-05-31,31130600,2.2,-152600,-0.5,17354255986,4205,69,1.7,2149915,172,285
20170627,8,8,0,OLD,20040526,8,첫키스만 50번째,2004-04-15,23099400,1.6,730200,3.3,1400964800,3176,96,3.1,207791,131,286
20170627,9,9,21,OLD,20178982,9,박열,2017-06-28,28321800,2.0,27241800,2522.4,157440300,3058,2878,1598.9,19175,25,25
20170627,10,10,-1,OLD,20175982,10,다크 하우스,2017-06-22,17592000,1.2,-4772100,-21.3,279201100,2351,-598,-20.3,34265,222,403
20170628,1,1,8,OLD,20178982,1,박열,2017-06-28,1184873200,40.1,1156551400,4083.6,1342313500,201987,198929,6505.2,221162,917,4191
20170628,2,2,10,OLD,20159647,2,리얼,2017-06-28,887028600,30.0,875820600,7814.2,917878600,146965,145564,10390,150856,970,4097
20170628,3,3,-2,OLD,20166967,3,트랜스포머: 최후의 기사,2017-06-21,532385800,18.0,-79682800,-13,16586480528,84629,5518,7,2015435,910,3611
20170628,4,4,-2,OLD,20166384,4,하루,2017-06-15,88218200,3.0,-152619700,-63.4,8601096472,14217,-17808,-55.6,1069338,442,961
20170628,5,5,-2,OLD,20166488,5,미이라,2017-06-06,57503000,1.9,-92812000,-61.7,29923381578,9460,-10838,-53.4,3614228,286,534
20170628,6,6,25,OLD,20176961,6,지랄발광 17세,2017-06-28,37818900,1.3,36270900,2343.1,53442400,6369,6111,2368.6,8285,81,366
20170628,7,7,-3,OLD,20162343,7,악녀,2017-06-08,32919900,1.1,-94539100,-74.2,9434734844,5254,-12048,-69.6,1169056,234,402
20170628,8,8,-3,OLD,20174602,8,노무현입니다,2017-05-25,20861500,0.7,-26299900,-55.8,14261867312,3376,-3862,-53.4,1815019,151,229
20170628,9,9,0,NEW,20020186,9,헤드윅,2002-08-09,13518000,0.5,13518000,100,51025300,1925,1925,100,7667,67,101
20170628,10,10,-4,OLD,20176201,10,더 서클,2017-06-22,10628400,0.4,-33792100,-76.1,519819500,1739,-4204,-70.7,63732,100,180
20170629,1,1,0,OLD,20178982,1,박열,2017-06-28,1028040500,44.9,-156832700,-13.2,2370354000,141299,-60688,-30,362461,995,4495
20170629,2,2,0,OLD,20159647,2,리얼,2017-06-28,419672400,18.3,-467356200,-52.7,1337551000,57733,-89232,-60.7,208589,918,3805
20170629,3,3,0,OLD,20166967,3,트랜스포머: 최후의 기사,2017-06-21,364323700,15.9,-168062100,-31.6,16950804228,46591,-38038,-44.9,2062026,859,3423
20170629,4,4,28,OLD,20158485,4,옥자,2017-06-29,173090600,7.6,171056600,8409.9,209938600,23137,22911,10137.6,28217,94,324
20170629,5,5,-1,OLD,20166384,5,하루,2017-06-15,52323200,2.3,-35895000,-40.7,8653419672,7134,-7083,-49.8,1076472,397,865
20170629,6,6,-1,OLD,20166488,6,미이라,2017-06-06,47208600,2.1,-10294400,-17.9,29970590178,6450,-3010,-31.8,3620678,284,521
20170629,7,7,-1,OLD,20176961,7,지랄발광 17세,2017-06-28,39024300,1.7,1205400,3.2,92466700,5078,-1291,-20.3,13363,73,364
20170629,8,8,-1,OLD,20162343,8,악녀,2017-06-08,29269800,1.3,-3650100,-11.1,9464004644,3997,-1257,-23.9,1173053,221,395
20170629,9,9,-1,OLD,20174602,9,노무현입니다,2017-05-25,18673400,0.8,-2188100,-10.5,14280540712,2713,-663,-19.6,1817732,143,213
20170629,10,10,-1,OLD,20020186,10,헤드윅,2002-08-09,15186700,0.7,1668700,12.3,66212000,2027,102,5.3,9694,80,125
20170630,1,1,0,OLD,20178982,1,박열,2017-06-28,1400110126,48.2,372069626,36.2,3770464126,174136,32837,23.2,536597,1066,4954
20170630,2,2,1,OLD,20166967,2,트랜스포머: 최후의 기사,2017-06-21,542329100,18.7,178005400,48.9,17493133328,63927,17336,37.2,2125953,869,3437
20170630,3,3,-1,OLD,20159647,3,리얼,2017-06-28,379787874,13.1,-39884526,-9.5,1717338874,46591,-11142,-19.3,255180,859,3469
20170630,4,4,0,OLD,20158485,4,옥자,2017-06-29,162618800,5.6,-10471800,-6,372557400,21262,-1875,-8.1,49479,96,344
20170630,5,5,0,OLD,20166384,5,하루,2017-06-15,72936026,2.5,20612826,39.4,8726355698,9206,2072,29,1085678,425,881
20170630,6,6,0,OLD,20166488,6,미이라,2017-06-06,66399900,2.3,19191300,40.7,30036990078,8271,1821,28.2,3628949,288,544
20170630,7,7,0,OLD,20176961,7,지랄발광 17세,2017-06-28,55442900,1.9,16418600,42.1,147909600,6637,1559,30.7,20000,80,377
20170630,8,8,0,OLD,20162343,8,악녀,2017-06-08,38742100,1.3,9472300,32.4,9502746744,4822,825,20.6,1177875,234,397
20170630,9,9,0,OLD,20174602,9,노무현입니다,2017-05-25,24654300,0.8,5980900,32,14305195012,3268,555,20.5,1821000,152,241
20170630,10,10,0,OLD,20020186,10,헤드윅,2002-08-09,23428631,0.8,8241931,54.3,89640631,2850,823,40.6,12544,87,137
